timestamp,update_count,episodes,total_steps,opponent,avg_reward,avg_length,win_rate,actor_loss,critic_loss,entropy,kl_div,sps
2026-08-01 14:35:37,1,78,2048,random_agent,-0.6264489214489215,23.23076923076923,17.94871794871795,-0.0034454189735697582,0.2575636152178049,1.4524071216583252,0.006125118146883324,112.81327861536839
2026-08-01 14:35:57,2,158,4096,heuristic_agent,-0.5229603174603175,25.1625,24.0,-0.005035596463130787,0.22488207230344415,1.4272174946963787,0.007344613833993208,100.7597376318445
2026-08-01 14:36:15,3,234,6144,random_agent,-0.5945969089390143,27.105263157894736,22.0,-0.0035972644691355526,0.17985996534116566,1.4800856821238995,0.007080900617438601,119.10201158035319
2026-08-01 14:36:29,4,317,8192,tactical_agent,-0.5041365461847389,25.289156626506024,21.0,-0.006036916165612638,0.2051181886345148,1.3869068585336208,0.007830598166037817,137.3625710912687
2026-08-01 14:36:44,5,384,10240,random_agent,-0.5978725420516465,28.955223880597014,21.0,-0.002085474960040301,0.14632899034768343,1.3929194137454033,0.006660619939793833,136.99286743357632
2026-08-01 14:37:00,6,473,12288,setup_agent,-0.5768360977349741,24.53932584269663,21.0,-0.003540703095495701,0.19233053922653198,1.3502435125410557,0.008601586203440093,130.973725738686
2026-08-01 14:37:15,7,550,14336,heuristic_agent,-0.26883735312306745,24.68831168831169,31.0,-0.005964945041341707,0.2176964064128697,1.3607723712921143,0.0037589878593280446,141.10430369924916
2026-08-01 14:37:29,8,634,16384,setup_agent,-0.2498318216175359,24.773809523809526,36.0,-0.003432662779232487,0.24659033166244626,1.3178644180297852,0.005524614451132948,144.00501054077765
2026-08-01 14:37:44,9,722,18432,greedy_agent,-0.07815656565656566,23.193181818181817,45.0,-0.005633200373267755,0.2660721861757338,1.3247222490608692,0.006376892644766485,134.00548634182752
2026-08-01 14:38:00,10,814,20480,tactical_agent,-0.0088216011042098,22.880434782608695,49.0,-0.002131571207428351,0.25652031088247895,1.1958064250648022,0.00678541560046142,132.6219952860936
2026-08-01 14:38:15,11,907,22528,tactical_agent,0.02860897764123571,22.150537634408604,50.0,-0.003552825713995844,0.25731207244098186,1.1411514393985271,0.0034987435210496187,138.02744729629248
2026-08-01 14:38:30,12,996,24576,self_play_agent,0.141840556447298,23.10112359550562,56.00000000000001,-0.0014151755312923342,0.2498971768654883,1.1891291588544846,0.00462008336398867,141.58877316102559
2026-08-01 14:38:44,13,1085,26624,aggro_agent,0.08179418583912966,22.573033707865168,54.0,-0.0019498341425787657,0.24003697279840708,1.1288041584193707,0.0015716877878730884,142.86713423327674
2026-08-01 14:38:59,14,1169,28672,self_play_agent,0.18964285714285714,24.44047619047619,60.0,-0.0008508413739036769,0.19480418972671032,1.134030781686306,0.0037057855442981236,139.36427426572357
2026-08-01 14:39:13,15,1267,30720,random_agent,0.25203433754454163,21.224489795918366,61.0,-0.0022794272954342887,0.223947839345783,1.0700615104287863,0.004486039992116275,143.2693274045955
2026-08-01 14:39:27,16,1378,32768,random_agent,0.32751322751322753,18.783783783783782,66.0,0.0008822721720207483,0.2639530086889863,1.002770721912384,0.0034354456729488447,144.43401045656393
2026-08-01 14:39:41,17,1491,34816,aggro_agent,0.39064053940160137,18.20353982300885,68.0,-0.0017398989293724298,0.2569974600337446,1.0034696888178587,0.005379860827815719,147.04361161854
2026-08-01 14:39:55,18,1590,36864,self_play_agent,0.4506589706589707,20.2020202020202,71.0,-0.00040576281026005745,0.21278492966666818,0.9879751596599817,0.0025775548310775775,143.8656073968454
2026-08-01 14:40:10,19,1693,38912,aggro_agent,0.4859161658190785,20.29126213592233,72.0,0.0008926421287469566,0.2192552573978901,1.0273177102208138,0.0015640212805010378,138.56277964407903
2026-08-01 14:40:24,20,1779,40960,setup_agent,0.27569029162052416,23.058139534883722,66.0,0.00014137441758066416,0.2313546077348292,1.0557227842509747,0.0024545211908844067,148.4907185074588
2026-08-01 14:40:39,21,1885,43008,greedy_agent,0.5465333932315064,20.047169811320753,75.0,-0.0008319039188791066,0.21271529654040933,0.9797268398106098,0.004132377716814517,145.1106763163467
2026-08-01 14:40:53,22,1985,45056,heuristic_agent,0.43597619047619046,20.75,70.0,-2.3921922547742724e-05,0.19777417182922363,0.9591824878007174,0.0011768892045438406,147.5613048366635
2026-08-01 14:41:07,23,2088,47104,aggro_agent,0.5593111419325012,18.66990291262136,76.0,-0.0029750850226264447,0.20908501837402582,0.9442122466862202,0.0024736607283557532,146.97941304085884
2026-08-01 14:41:20,24,2198,49152,random_agent,0.5536998556998557,19.172727272727272,76.0,-0.0014279830793384463,0.21633960912004113,0.9598353765904903,0.0036480877170106396,146.81737739608766
2026-08-01 14:41:35,25,2315,51200,heuristic_agent,0.38024284357617694,17.564102564102566,68.0,-0.0014136776444502175,0.25729615706950426,0.9542116168886423,0.0022652572579318075,144.47127176977057
2026-08-01 14:41:49,26,2431,53248,setup_agent,0.3783128078817734,17.844827586206897,70.0,-0.0009856457472778857,0.27097052056342363,0.9358862489461899,0.0018667039366846438,144.86676628539152
2026-08-01 14:42:03,27,2538,55296,tactical_agent,0.5273045542204421,18.60747663551402,74.0,-0.001305687997955829,0.22803562646731734,0.9267407339066267,0.003615131881815614,144.1568470660418
2026-08-01 14:42:18,28,2654,57344,aggro_agent,0.4335618500273673,18.310344827586206,72.0,-0.000508096709381789,0.21769610606133938,0.8994644992053509,0.0028254965618543793,137.75369973733746
2026-08-01 14:42:32,29,2759,59392,self_play_agent,0.2990385487528345,18.961904761904762,62.0,-0.0009771390177775174,0.25580001808702946,0.9394779428839684,0.001877545324532548,149.258248483688
2026-08-01 14:42:45,30,2870,61440,setup_agent,0.6828356928356928,18.63063063063063,83.0,0.00016433355631306767,0.23556632874533534,0.9433458838611841,0.001821603516873438,151.80687953723114
2026-08-01 14:43:00,31,2972,63488,heuristic_agent,0.25384531590413945,19.852941176470587,62.0,-0.0009875237010419369,0.23941062670201063,0.9295872505754232,0.002372930244746385,147.81538540324516
2026-08-01 14:43:14,32,3082,65536,self_play_agent,0.49853968253968256,19.136363636363637,73.0,-0.0011586978798732162,0.2137249349616468,0.9169403202831745,0.0023497692909586476,145.2449320292505
2026-08-01 14:43:28,33,3192,67584,greedy_agent,0.5642251082251083,18.636363636363637,79.0,-0.0021170804975554347,0.20175533182919025,0.8792497962713242,0.002402264770353213,149.77281421738766
2026-08-01 14:43:42,34,3290,69632,tactical_agent,0.4278166504697117,20.79591836734694,69.0,-0.0020047700381837785,0.19204768491908908,0.9431598410010338,0.003055520610359963,144.9733091304261
2026-08-01 14:43:56,35,3408,71680,random_agent,0.4897861178369653,17.64406779661017,71.0,-0.0009323375415988266,0.23859835416078568,0.890566986054182,0.0005537791048482177,143.65727227916324
2026-08-01 14:44:11,36,3513,73728,setup_agent,0.46219198790627364,18.904761904761905,70.0,-0.0020157124381512403,0.1994158597663045,0.9171778671443462,0.0017757179666659795,137.76788808158358
2026-08-01 14:44:25,37,3620,75776,tactical_agent,0.5065628245067497,18.962616822429908,75.0,-0.002915078919613734,0.2290023104287684,0.9263328239321709,0.0020121249890507897,147.68838311641744
2026-08-01 14:44:39,38,3729,77824,aggro_agent,0.44252512013979906,18.743119266055047,73.0,-0.00035233510425314307,0.24247782211750746,0.9310963544994593,0.002700335813642596,143.15484707754487
2026-08-01 14:44:53,39,3858,79872,heuristic_agent,0.43932693490833025,16.46511627906977,70.0,-0.003004005367984064,0.2564521422609687,0.8931439947336912,0.002011124994169222,143.75644667640347
2026-08-01 14:45:07,40,3962,81920,heuristic_agent,0.4229945054945055,18.83653846153846,68.0,0.0021384653518907726,0.23069799598306417,0.9154820293188095,0.0014360723453137325,146.72127618352064
2026-08-01 14:45:22,41,4068,83968,setup_agent,0.42883498053309377,19.650943396226417,70.0,-0.0030553565156878904,0.24275842029601336,0.9364996328949928,0.0017229683762707282,146.12232028293442
2026-08-01 14:45:36,42,4189,86016,aggro_agent,0.5280742489833399,17.537190082644628,79.0,-0.00045137183042243123,0.21973547106608748,0.8889572657644749,0.0026482617358851712,148.09520176857706
2026-08-01 14:45:50,43,4299,88064,tactical_agent,0.567053391053391,17.918181818181818,75.0,-0.000675194023642689,0.20866898261010647,0.8920428548008204,0.0015007941847215989,144.55428059616457
2026-08-01 14:46:04,44,4404,90112,random_agent,0.39398639455782314,19.20952380952381,67.0,0.0003276718489360064,0.26785393012687564,0.921274496242404,0.001656845703109866,145.7209117258575
2026-08-01 14:46:18,45,4508,92160,random_agent,0.4315628815628816,20.403846153846153,71.0,-0.0009960174793377519,0.20701725548133254,0.9005311224609613,0.0030596584219892975,146.85535401684507
2026-08-01 14:46:32,46,4625,94208,tactical_agent,0.467304300637634,17.521367521367523,72.0,-0.001085695461370051,0.2604697970673442,0.9380068480968475,0.001839741897128988,147.1131318531436
2026-08-01 14:46:46,47,4740,96256,random_agent,0.48212008281573504,17.721739130434784,73.0,-0.0010803026088979095,0.22774156043305993,0.904860109090805,0.00262310592643189,145.98885500018184
2026-08-01 14:47:00,48,4852,98304,setup_agent,0.5282142857142857,18.633928571428573,73.0,-0.0009433847299078479,0.18404345121234655,0.9042046014219522,0.0013404031942627626,145.26020201535775
2026-08-01 14:47:14,49,4957,100352,greedy_agent,0.3344308390022676,18.914285714285715,65.0,-0.0007098709756974131,0.26165031315758824,0.8930900059640408,0.0017089833145291777,150.4692063563021
2026-08-01 14:47:27,50,5065,102400,setup_agent,0.49879335684891246,18.935185185185187,75.0,-0.0006113000272307545,0.16060653515160084,0.9333244729787111,0.002392668175161816,150.5635728941298
2026-08-01 14:47:42,51,5182,104448,self_play_agent,0.47091982091982093,17.35042735042735,71.0,-0.0018053799285553396,0.19676459627225995,0.907732555642724,0.00265405408845254,144.01969493546108
2026-08-01 14:47:56,52,5280,106496,setup_agent,0.5317184969225786,20.908163265306122,75.0,-0.001771963870851323,0.1835576957091689,0.9284291639924049,0.0027871020865859464,146.53514736242744
2026-08-01 14:48:12,53,5377,108544,setup_agent,0.4633267877597774,20.938144329896907,71.0,-0.0005702284397557378,0.20851633930578828,0.922320544719696,0.003120276018307777,132.5833072795118
2026-08-01 14:48:26,54,5481,110592,self_play_agent,0.4541620879120879,20.028846153846153,70.0,-0.000711053071427159,0.2159767891280353,0.9077379908412695,0.0022350467170326738,140.60503234971588
2026-08-01 14:48:41,55,5587,112640,random_agent,0.3497828691224918,19.79245283018868,68.0,-0.0003023641766048968,0.23553362442180514,0.9220875762403011,0.0012647170642594574,144.2470955777282
2026-08-01 14:48:55,56,5700,114688,setup_agent,0.4814763309453575,17.451327433628318,73.0,-0.0021536896529141814,0.18432524567469954,0.9404779672622681,0.0015305887900467496,146.37184446780844
2026-08-01 14:49:09,57,5815,116736,setup_agent,0.36678951000690135,18.339130434782607,64.0,-0.00016556843183934689,0.2423390271142125,0.9043353851884604,0.0014630872065026779,142.49993558423014
2026-08-01 14:49:25,58,5927,118784,setup_agent,0.44270266439909295,18.75,71.0,0.0011226278147660196,0.2526380023919046,0.9181577879935503,0.0015946298699418548,131.7666743252475
2026-08-01 14:49:39,59,6043,120832,random_agent,0.48087712096332785,16.95689655172414,73.0,-0.0012738154619000852,0.22260592598468065,0.865743525326252,0.0013931327639511437,145.59219316173517
2026-08-01 14:49:52,60,6161,122880,setup_agent,0.4667729351627657,17.415254237288135,72.0,-0.0008363998495042324,0.2216036724857986,0.8753057401627302,0.0012688245424214983,147.89522388967848
2026-08-01 14:50:07,61,6265,124928,self_play_agent,0.5008333333333334,19.625,73.0,-0.0006345160654745996,0.2093229559250176,0.9072064775973558,0.0014912454294062627,145.91510098769308
2026-08-01 14:50:21,62,6379,126976,heuristic_agent,0.5708479532163743,18.29824561403509,76.0,-0.0017732754931785166,0.22139458172023296,0.8727370277047157,0.001506112937022408,151.85992150320334
2026-08-01 14:50:34,63,6488,129024,heuristic_agent,0.5026168632590652,18.504587155963304,74.0,-0.0011114596854895353,0.197364779189229,0.8846913911402225,0.0009675060218796716,149.77481458904984
2026-08-01 14:50:48,64,6597,131072,greedy_agent,0.535478374836173,18.75229357798165,73.0,-0.0012453880335669965,0.19692970346659422,0.8996597807854414,0.0032038224780990276,150.99425892253228
2026-08-01 14:51:02,65,6701,133120,self_play_agent,0.5199511599511599,20.076923076923077,74.0,-0.0008372901356779039,0.2011410892009735,0.9152932874858379,0.0013780017852695892,146.04556091732545
2026-08-01 14:51:16,66,6806,135168,aggro_agent,0.38438548752834467,18.97142857142857,66.0,-0.001005333091598004,0.22605646587908268,0.8737395908683538,0.0020538847893476486,146.16705364079039
2026-08-01 14:51:30,67,6914,137216,greedy_agent,0.5605188124632569,19.09259259259259,77.0,-0.0005601052689598873,0.21865963423624635,0.8782273940742016,0.0011805235899373656,146.57824544538335
2026-08-01 14:51:44,68,7021,139264,greedy_agent,0.47019878356326955,19.149532710280372,72.0,-0.0008052958000916988,0.2045223694294691,0.8898085411638021,0.0005389951293182094,149.16385282573015
2026-08-01 14:51:57,69,7127,141312,greedy_agent,0.5093980233602875,19.50943396226415,72.0,-0.0015071061789058149,0.2285088892094791,0.8886035401374102,0.0027393134259909857,149.74709357244146
2026-08-01 14:52:11,70,7234,143360,greedy_agent,0.45818869603916335,19.02803738317757,73.0,-0.0006497127906186506,0.1985740466043353,0.8737492393702269,0.0020960744768672157,148.68502228111356
2026-08-01 14:52:26,71,7342,145408,greedy_agent,0.5157657260435038,19.462962962962962,73.0,-0.002047680987743661,0.18805373273789883,0.8623487129807472,0.0009235165443897131,149.81929356857154
2026-08-01 14:52:40,72,7454,147456,tactical_agent,0.4710870181405896,17.714285714285715,70.0,0.00010276734246872365,0.23967065662145615,0.8580558896064758,0.0009468808893871028,147.02300943022004
2026-08-01 14:52:53,73,7554,149504,self_play_agent,0.4772301587301587,19.52,72.0,-0.0012320928217377514,0.21090701408684254,0.8743433449417353,0.004908178314508405,150.40809216405694
2026-08-01 14:53:07,74,7659,151552,greedy_agent,0.25208616780045356,21.228571428571428,62.0,-0.00021304079564288259,0.21254686079919338,0.8725985120981932,0.0019008409944945015,144.7632464519168
2026-08-01 14:53:21,75,7766,153600,greedy_agent,0.5437798546209761,18.97196261682243,74.0,-0.0012936208513565361,0.2040293524041772,0.9165716748684645,0.002585655794973718,150.08025934066288
2026-08-01 14:53:35,76,7880,155648,heuristic_agent,0.5073948760790866,17.42982456140351,73.0,-0.0008568080083932728,0.21850986732169986,0.880180861800909,0.0005807749212181079,146.54082447771063
2026-08-01 14:53:49,77,8001,157696,greedy_agent,0.6009222091040273,16.84297520661157,80.0,-0.001119954395107925,0.17650227807462215,0.8662370275706053,0.002934088639449328,149.03856798767026
2026-08-01 14:54:03,78,8113,159744,setup_agent,0.530249433106576,18.696428571428573,74.0,-0.00010425469372421503,0.21168747870251536,0.8903216570615768,0.0012918167867610464,147.24351513366315
2026-08-01 14:54:16,79,8224,161792,self_play_agent,0.4843958243958244,18.55855855855856,70.0,-9.429157944396138e-05,0.23910711985081434,0.8684350978583097,-0.00018593541972222738,149.65264193541816
2026-08-01 14:54:30,80,8340,163840,heuristic_agent,0.6066105637657361,17.387931034482758,78.0,0.0005698598688468337,0.20655997935682535,0.8573902733623981,0.0035129870502714766,149.38139358319773
2026-08-01 14:54:45,81,8447,165888,random_agent,0.45316125203975677,18.757009345794394,69.0,-0.0013288734189700335,0.18519726442173123,0.9061541371047497,0.0028328626431175508,145.3174150172972
2026-08-01 14:54:59,82,8545,167936,aggro_agent,0.45595724003887267,20.755102040816325,71.0,-0.0008867563446983695,0.19559010583907366,0.9191098716109991,0.003448141675107763,148.8302415651031
2026-08-01 14:55:13,83,8657,169984,random_agent,0.4389158163265306,17.446428571428573,70.0,2.0752762793563306e-05,0.2699258765205741,0.8909028470516205,0.002757949878287036,146.3486224852315
2026-08-01 14:55:27,84,8773,172032,tactical_agent,0.5899521072796936,18.629310344827587,77.0,-0.0017564634617883712,0.2137877754867077,0.8810497019439936,0.0015249276329996064,148.01057441084106
2026-08-01 14:55:41,85,8900,174080,heuristic_agent,0.41524184476940385,16.811023622047244,69.0,-0.0009457706764806062,0.2830811175517738,0.865156278014183,0.0006107110020820983,143.27967252455917
2026-08-01 14:55:55,86,9010,176128,tactical_agent,0.5438066378066378,18.445454545454545,73.0,-0.00016757234698161483,0.19531666627153754,0.9042715914547443,0.0023995201008801814,147.41022446475094
2026-08-01 14:56:09,87,9132,178176,heuristic_agent,0.45851808482956025,16.81967213114754,68.0,-0.000782540999352932,0.2398770865984261,0.8967721089720726,0.001488870360844885,147.08354888628654
2026-08-01 14:56:23,88,9257,180224,self_play_agent,0.6110120634920635,16.24,78.0,-0.0021281710651237518,0.19807625049725175,0.8917977698147297,0.0026025210154330125,147.6929437224562
2026-08-01 14:56:37,89,9382,182272,random_agent,0.535672380952381,16.152,74.0,-0.0008385158143937588,0.2707394091412425,0.8971791043877602,0.002847388484951807,145.30208384396664
2026-08-01 14:56:51,90,9504,184320,self_play_agent,0.459463960447567,16.614754098360656,73.0,0.0012638487969525158,0.21162518300116062,0.8891412746161222,0.003239318366468069,145.5372540509688
2026-08-01 14:57:06,91,9617,186368,random_agent,0.43489254108723135,18.053097345132745,67.0,-0.0013101798540446907,0.2458455334417522,0.9158125333487988,0.003025373676791787,144.17159874076646
2026-08-01 14:57:20,92,9730,188416,self_play_agent,0.5061834527321253,18.088495575221238,75.0,-0.0007240176200866699,0.2507822886109352,0.9041912984102964,0.004253824623447144,151.98344581579929
2026-08-01 14:57:33,93,9849,190464,setup_agent,0.4582899826597306,18.050420168067227,73.0,-0.0016472629795316607,0.2261899197474122,0.8594526685774326,0.002512501352612162,148.76759899459356
2026-08-01 14:57:47,94,9959,192512,setup_agent,0.4716998556998557,18.245454545454546,70.0,1.0571617167443037e-05,0.19822568772360682,0.8980504553765059,0.0024834927016854635,147.67036944485284
2026-08-01 14:58:01,95,10077,194560,aggro_agent,0.44203255313424805,17.76271186440678,69.0,4.8798348871059716e-05,0.23965001059696078,0.8619360215961933,0.0018290627340320498,145.32654102248438
2026-08-01 14:58:16,96,10197,196608,heuristic_agent,0.6471058201058201,16.025,80.0,-4.465883830562234e-05,0.21409688144922256,0.8769496567547321,0.0006320920401776675,137.50271072891078
2026-08-01 14:58:30,97,10310,198656,aggro_agent,0.5261483354403708,18.02654867256637,76.0,-0.001781271188519895,0.19940338004380465,0.9109909441322088,0.0023438007847289555,146.15963970064305
2026-08-01 14:58:47,98,10420,200704,tactical_agent,0.3721529581529582,19.672727272727272,66.0,-0.0014852161111775786,0.22645599395036697,0.8807477410882711,0.00101518906376441,120.25539629550642
2026-08-01 14:59:07,99,10537,202752,self_play_agent,0.6236955636955638,16.794871794871796,81.0,-0.0016199751698877662,0.2003559833392501,0.8816057350486517,0.003229293333788519,106.21742025697368
2026-08-01 14:59:22,100,10653,204800,self_play_agent,0.493643951833607,17.689655172413794,73.0,-0.002419727185042575,0.17167892307043076,0.8614379279315472,0.004736293405585457,129.8016173737116
2026-08-01 14:59:39,101,10769,206848,self_play_agent,0.4889860426929392,17.68103448275862,74.0,-0.0010123936226591468,0.2308280123397708,0.8879382163286209,0.003685419975226978,131.8963724536244
2026-08-01 14:59:54,102,10886,208896,tactical_agent,0.5474643874643874,17.29059829059829,77.0,-0.0015780481044203043,0.23188705369830132,0.8740219678729773,0.004229867234244011,140.7588442781733
2026-08-01 15:00:08,103,11009,210944,setup_agent,0.5788759839979352,17.21951219512195,77.0,-0.0038027710397727787,0.20218510553240776,0.8796738442033529,0.006293472288234625,143.02040843509823
2026-08-01 15:00:22,104,11131,212992,greedy_agent,0.6044340359094458,16.688524590163933,79.0,-0.002230536367278546,0.20047816075384617,0.8728212080895901,0.0029199804812378716,149.3137441479952
2026-08-01 15:00:37,105,11254,215040,greedy_agent,0.5978965027745515,16.552845528455286,79.0,3.3793970942497253e-05,0.18108461471274495,0.8881653398275375,0.0012386646849336103,135.13573248018355
2026-08-01 15:00:53,106,11377,217088,greedy_agent,0.5076474383791457,16.991869918699187,72.0,-0.0021683574304915965,0.2251842813566327,0.8847205545753241,0.00536210054269759,125.526746416944
2026-08-01 15:01:08,107,11497,219136,random_agent,0.5412380952380952,16.316666666666666,73.0,-0.0012501543678808957,0.24520757235586643,0.8831350151449442,0.0004967528820998268,138.02559981417338
2026-08-01 15:01:22,108,11614,221184,aggro_agent,0.5407950074616741,18.153846153846153,79.0,-0.0003013548266608268,0.20584270311519504,0.8617437444627285,0.0021529518917304813,145.52517754672738
2026-08-01 15:01:36,109,11734,223232,aggro_agent,0.6670621693121693,17.116666666666667,82.0,-0.0009796407539397478,0.15164229553192854,0.8670523781329393,0.003671705579108675,144.74010523241824
2026-08-01 15:01:50,110,11843,225280,aggro_agent,0.37733216834134264,18.110091743119266,66.0,0.0013409237726591527,0.22917904751375318,0.8969285190105438,0.0029087276743666735,147.85675342757028
2026-08-01 15:02:05,111,11959,227328,heuristic_agent,0.41665845648604266,17.482758620689655,71.0,-0.0010929698182735592,0.24159445241093636,0.8511777762323618,0.0038873738139955094,144.03476633367106
2026-08-01 15:02:19,112,12084,229376,self_play_agent,0.6361765079365079,17.04,79.0,-0.0004369223606772721,0.16079161874949932,0.8644911665469408,0.003423233202283882,147.07569668781298
2026-08-01 15:02:33,113,12194,231424,self_play_agent,0.4742424242424243,18.89090909090909,71.0,-0.0014362112269736826,0.23181380098685622,0.87184495665133,0.0026018723983725067,147.27358416244508
2026-08-01 15:02:47,114,12300,233472,setup_agent,0.5631311769991015,18.150943396226417,75.0,-0.0004771916719619185,0.19341022847220302,0.8557373080402613,0.0026726247833721573,146.78644084873216
2026-08-01 15:03:02,115,12421,235520,setup_agent,0.48174865538501904,18.09090909090909,72.0,-0.0001449545961804688,0.1995453373529017,0.8563052508980036,0.003408175323784235,141.38830201232145
2026-08-01 15:03:17,116,12541,237568,greedy_agent,0.6613558201058201,16.775,83.0,0.00022280764824245125,0.18156048702076077,0.8473858665674925,0.004903438428300433,138.35750117427594
2026-08-01 15:03:30,117,12650,239616,setup_agent,0.5710499490316004,18.256880733944953,77.0,-0.00044346993672661483,0.1899540964514017,0.8933319672942162,0.002158006940589985,148.4444081308754
2026-08-01 15:03:45,118,12768,241664,random_agent,0.5450215227333871,17.85593220338983,77.0,0.0007030563574517146,0.2039650147780776,0.8739289715886116,0.001174825929410872,142.51053635368604
2026-08-01 15:03:59,119,12886,243712,heuristic_agent,0.5288162496637073,16.779661016949152,72.0,-0.0012884479365311563,0.23553710198029876,0.8785642925649881,0.004331850384915015,143.98348672831744
2026-08-01 15:04:13,120,13019,245760,tactical_agent,0.5512913235469626,16.105263157894736,78.0,0.0008260266768047586,0.19721319153904915,0.8428672049194574,0.0009688551417639246,143.52742591894133
2026-08-01 15:04:28,121,13137,247808,random_agent,0.6097363465160075,16.796610169491526,79.0,-0.0005239693273324519,0.20930705638602376,0.8948161602020264,0.005109111852107162,149.22563971034648
2026-08-01 15:04:42,122,13254,249856,greedy_agent,0.5427499660832994,17.743589743589745,76.0,-0.0010256802779622376,0.21495606284588575,0.8618319369852543,0.0015031713282951387,144.0699540594484
2026-08-01 15:04:56,123,13381,251904,greedy_agent,0.5076627921509811,16.062992125984252,73.0,-0.0024515290278941393,0.2309916215017438,0.8557020779699087,0.0030508382988045923,147.76801325580345
2026-08-01 15:05:10,124,13500,253952,greedy_agent,0.5129598506069094,17.201680672268907,74.0,9.715883061289787e-05,0.24748633243143559,0.8764017764478922,0.0048730300386523595,144.02524884114123
2026-08-01 15:05:24,125,13619,256000,self_play_agent,0.5791169801253835,17.34453781512605,78.0,-0.0004302380111766979,0.1820657509379089,0.8686233032494783,0.004668801013394841,145.53052764942672
2026-08-01 15:05:38,126,13734,258048,greedy_agent,0.6729192546583851,16.991304347826087,83.0,-5.561474245041609e-05,0.1956346738152206,0.8738060314208269,0.0036360423891892424,148.30215258846977
2026-08-01 15:05:52,127,13855,260096,tactical_agent,0.6049875377148104,17.462809917355372,80.0,-0.002575058853835799,0.16627702908590436,0.8545704763382673,0.005427134333331196,148.26692751718426
2026-08-01 15:06:06,128,13979,262144,aggro_agent,0.5193676395289298,16.677419354838708,71.0,0.0005713014979846776,0.2384047405794263,0.8363330997526646,0.0009066609527508263,146.71802335328047
2026-08-01 15:06:20,129,14102,264192,self_play_agent,0.6743670150987224,16.276422764227643,80.0,-0.0004735684487968683,0.18970591388642788,0.8557766564190388,0.004292967456422048,144.96752039572686
2026-08-01 15:06:34,130,14225,266240,self_play_agent,0.5696631823461092,17.056910569105693,77.0,-0.0006484267651103437,0.19758672453463078,0.8428995385766029,0.0024709833633096423,147.94063928788722
2026-08-01 15:06:49,131,14348,268288,greedy_agent,0.5481610530391018,16.308943089430894,76.0,0.0015640293713659048,0.21250260388478637,0.8494037054479122,0.0043902405432163505,145.8845261346646
2026-08-01 15:07:03,132,14477,270336,aggro_agent,0.563895656453796,15.813953488372093,76.0,0.0005311033164616674,0.22866651881486177,0.8243860341608524,0.005116132382681826,145.86680859722762
2026-08-01 15:07:17,133,14606,272384,tactical_agent,0.556317214224191,16.627906976744185,72.0,0.0008207648934330791,0.24540220154449344,0.8681806568056345,0.0022711404417350423,142.87065340586273
2026-08-01 15:07:31,134,14718,274432,random_agent,0.5912797619047618,17.232142857142858,77.0,0.0006108955421950668,0.16662908904254436,0.8588321898132563,0.0019047661335207522,150.51556779127358
2026-08-01 15:07:44,135,14836,276480,tactical_agent,0.6366142050040355,17.83050847457627,81.0,-0.0008021999383345246,0.16570204705931246,0.8524458762258291,0.0019622208528744522,148.83983992196644
2026-08-01 15:07:58,136,14951,278528,aggro_agent,0.5796742581090407,18.08695652173913,75.0,0.0012318044027779251,0.19932761555537581,0.8622993305325508,0.0033079963286581915,149.94012110506188
2026-08-01 15:08:12,137,15073,280576,self_play_agent,0.5014324746291959,16.672131147540984,74.0,-0.0016497866890858859,0.23081183759495616,0.8584541361778975,0.0034975422313436866,148.19964172334412
2026-08-01 15:08:29,138,15198,282624,aggro_agent,0.6233028571428572,16.392,78.0,-0.00048535747919231653,0.1774739627726376,0.821165332570672,0.004408005435834639,117.74674483629644
2026-08-01 15:08:47,139,15324,284672,self_play_agent,0.6152506928697405,16.095238095238095,83.0,-0.0024840534024406224,0.198361165355891,0.8533448968082666,0.0029333868078538217,116.81038363283413
2026-08-01 15:09:04,140,15446,286720,setup_agent,0.5272040072859745,17.131147540983605,75.0,-0.000694959016982466,0.22438755631446838,0.849493108689785,0.004876863411482191,120.54738178986719
2026-08-01 15:09:22,141,15573,288768,greedy_agent,0.5607449068866391,15.929133858267717,77.0,0.0003187512920703739,0.20363011956214905,0.85418133251369,0.0035101340818073368,118.96774203198478
2026-08-01 15:09:38,142,15698,290816,heuristic_agent,0.6632380952380953,16.72,80.0,-0.0005858317308593541,0.1638836374040693,0.8845053277909756,0.001264756629097974,124.94093211735839
2026-08-01 15:09:54,143,15831,292864,random_agent,0.7288733739109678,14.834586466165414,84.0,-0.0015387804305646569,0.17749531217850745,0.8282487746328115,0.004336184372732532,127.22947984297186
2026-08-01 15:10:09,144,15946,294912,heuristic_agent,0.599160800552105,18.208695652173912,78.0,0.0012253921158844605,0.20954862562939525,0.8654458597302437,0.004170493730271119,139.31036194469922
2026-08-01 15:10:24,145,16063,296960,greedy_agent,0.6234445801112468,17.4017094017094,79.0,-0.000637801771517843,0.18279909063130617,0.8582255579531193,0.006427246506063966,139.41285887459924
2026-08-01 15:10:40,146,16189,299008,greedy_agent,0.6283308138070043,16.134920634920636,79.0,0.0006193290173541754,0.19966439390555024,0.8328791279345751,0.0006350322319121915,125.38829565062788
2026-08-01 15:10:58,147,16306,301056,self_play_agent,0.5771184371184371,17.495726495726494,76.0,-0.00016542538651265204,0.200065856333822,0.8369677606970072,0.0016845584395923652,117.00492027824717
2026-08-01 15:11:14,148,16421,303104,greedy_agent,0.534008281573499,17.869565217391305,76.0,-0.0005723558278987184,0.21636016387492418,0.841380113735795,0.002863811118004378,124.58035523104277
2026-08-01 15:11:30,149,16550,305152,self_play_agent,0.6927230220253476,15.906976744186046,84.0,0.0023416330805048347,0.20224063331261277,0.8365339748561382,0.005376083885494154,131.7524644071995
2026-08-01 15:11:45,150,16683,307200,greedy_agent,0.6413378684807256,15.38345864661654,82.0,4.69277729280293e-05,0.21556893922388554,0.8322696797549725,0.004721125336800469,129.93197656795851
2026-08-01 15:12:02,151,16802,309248,random_agent,0.47734827264239027,16.781512605042018,74.0,0.000188651611097157,0.23306013736873865,0.8352993670850992,0.004320814074162627,130.60495416491423
2026-08-01 15:12:19,152,16932,311296,self_play_agent,0.5411269841269841,16.284615384615385,75.0,-0.00041384261567145586,0.24445252679288387,0.8334185052663088,0.0021531034544750582,118.85263896999056
